<pkgref spec="1.12" uuid="CC2DA2B0-4FAA-4AC4-AD35-131845359CF8"><config><identifier>com.safenet.sacCustomization.CustomerConfiguration.pkg</identifier><version>9.0</version><description></description><post-install type="none"/><requireAuthorization/><installFrom relative="true">CustomerConfiguration</installFrom><installTo mod="true">/etc/SacCustomConf</installTo><flags><followSymbolicLinks/></flags><packageStore type="internal"></packageStore><mod>scripts.postinstall.isRelativeType</mod><mod>installTo</mod><mod>parent</mod><mod>version</mod><mod>installTo.path</mod><mod>installFrom.isRelativeType</mod><mod>scripts.postinstall.isAbsoluteType</mod></config><scripts><postinstall relative="true" mod="true">CustomInstallScript/postinstall</postinstall></scripts><contents><file-list>01customerconfiguration-contents.xml</file-list><filter>/CVS$</filter><filter>/\.svn$</filter><filter>/\.cvsignore$</filter><filter>/\.cvspass$</filter><filter>/\.DS_Store$</filter></contents></pkgref>