<pkmkdoc spec="1.12"><properties><title>SAC Customization</title><build>/SRC/SAC/INSTALL/mac/Customization/output/SAC Customization.pkg</build><organization>com.safenet</organization><userSees ui="easy"/><min-target os="3"/><domain system="true"/></properties><distribution><versions min-spec="1.000000"/><scripts>function isSACInstalled() 
{
	var path = '/Library/Frameworks/eToken.framework/Versions/A/com.SafeNet.SACMonitor.plist';

    if (system.files.fileExistsAtPath(path))
       return true;

	return false;
}
</scripts></distribution><contents><choice title="CustomerConfiguration" id="choice13" starts_selected="true" starts_enabled="true" starts_hidden="false"><pkgref id="com.safenet.sacCustomization.CustomerConfiguration.pkg"/></choice></contents><resources bg-scale="none" bg-align="top"><locale lang="en"><resource relative="true" mod="true" type="background">Resources/background.tif</resource><resource relative="true" mod="true" type="license">Resources/license.rtf</resource><resource relative="true" mod="true" type="welcome">Resources/Welcome.rtfd</resource></locale></resources><requirements><requirement id="java" operator="eq" value="true"><argument>isSACInstalled()</argument><message-title>Cannot customize SafeNet Authentication Client </message-title><message>You must Install SafeNet Authentication Client package before customization package.</message></requirement></requirements><flags/><item type="file">01customerconfiguration.xml</item><mod>properties.title</mod><mod>properties.anywhereDomain</mod><mod>properties.systemDomain</mod></pkmkdoc>